,ward,Ward Name,Ward Classification,Assembly Constituency,Zone (CE),total,students,singles,ITfamilies,SITfamilies,NonITfamily,retired,seniors
188,1,KEMPEGOWDA,Outer,Yelahanka,Yelahanka,32437,6.791626846,10.10574344,39.64300028,20.28547646,9.862194408,4.023183402,9.288775164
190,2,CHOWDESWARI,Outer,Yelahanka,Yelahanka,32635,5.540064348,9.584801593,42.83438027,21.4371074,9.13742914,3.25723916,8.208978091
189,3,ATTUR,Outer,Yelahanka,Yelahanka,47005,6.584405914,10.50101053,39.48516115,20.11062653,10.4861185,3.763429422,9.069247952
185,4,YELAHANKA SATELLITE TOWN,Outer,Yelahanka,Yelahanka,38074,5.977832642,9.602353312,37.94452907,19.75363765,11.00751169,4.520144981,11.19399065
184,5,JAKKUR,Outer,Byatarayanapura,Yelahanka,43211,7.171784962,11.10596839,41.31124019,19.98102335,8.833398903,3.20983083,8.386753373
187,6,THANISANDRA,Outer,Byatarayanapura,Yelahanka,63778,5.484649879,9.873310546,44.85559284,19.37658754,8.968609865,3.314622597,8.126626736
186,7, BYATARAYANAPURA,Outer,Byatarayanapura,Yelahanka,60343,6.207845152,9.392970187,40.91609632,20.01226323,9.858641433,3.925890327,9.686293356
196,8,KODIGEHALLI,Outer,Byatarayanapura,Yelahanka,39902,5.989674703,9.696255827,41.54929577,19.42759761,9.007067315,3.904566187,10.42554258
195,9,VIDYARANYAPURA,Outer,Byatarayanapura,Yelahanka,45981,5.078184467,8.11204628,37.36760836,19.11441682,10.78053979,4.962919467,14.58428481
23,10,DODDABOMMASANDRA,Outer,Byatarayanapura,Yelahanka,24681,5.490053077,8.743567927,38.03330497,19.85738017,11.06114015,4.631092743,12.18346096
24,11,Kuvempu Nagar,Outer,Byatarayanapura,Yelahanka,34953,6.534489171,10.55417275,40.23975052,20.09841788,9.841787543,3.639172603,9.092209539
21,12,SHETTIHALLI,Outer,Dasarahalli,Dasarahalli,54359,7.294100333,10.60725915,41.09715043,19.97829246,9.547637006,3.324196545,8.15136408
22,13,MALLASANDRA,Outer,Dasarahalli,Dasarahalli,38736,7.011565469,10.10171417,44.87298637,20.19310202,8.942585708,2.875877736,6.002168525
19,14,BAGALAKUNTE,Outer,Dasarahalli,Dasarahalli,59958,7.315120584,10.549051,43.0551386,20.22582474,9.124720638,2.970412622,6.759731812
20,15,T DASARAHALLI,Outer,Dasarahalli,Dasarahalli,33855,6.067050657,9.404814651,44.18845075,20.59370846,9.118298626,3.296411165,7.331265692
17,16,JALAHALLI,Inner,Rajarajeshwari Nagar,Rajarajeshwari Nagara,27185,6.407945558,8.946109987,37.91061247,21.53025566,11.83741034,4.230274048,9.137391944
18,17,JP PARK,Inner,Rajarajeshwari Nagar,Rajarajeshwari Nagara,44248,5.772012294,8.42297957,38.86051347,19.98960405,10.61742904,4.149340083,12.1881215
25,18,RADHAKRISHNA TEMPLE,Inner,Hebbal,East,33435,4.713623448,7.282787498,36.23149394,21.79153582,11.42814416,4.528189023,14.02422611
26,19,SANJAYNAGAR,Inner,Hebbal,East,29047,4.516817572,7.067855544,36.19650911,20.97634868,10.89957655,4.719936654,15.6229559
43,20,GANGANAGAR,Inner,Hebbal,East,23928,5.257438984,8.567368773,38.79555333,21.06736877,10.66532932,4.133233032,11.51370779
42,21,HEBBAL,Inner,Hebbal,East,25432,5.634633533,7.986001887,38.3139352,21.20163573,10.61261403,4.317395407,11.93378421
41,22,VISHWANATH NAGENAHALLI,Inner,Hebbal,East,41721,5.222789483,9.196807363,42.24011888,19.91802689,10.2634165,3.995589751,9.163251121
40,23,NAGAVARA,Inner,Sarvagna Nagar,East,47734,6.890266896,9.672350945,43.23123979,19.69036745,9.316210667,3.393807349,7.805756903
47,24,HBR LAYOUT,Outer,Sarvagna Nagar,East,45674,5.679379954,8.611025967,40.3227219,20.04860533,10.06699654,4.153347638,11.11792267
46,25,HORAMAVU,Outer,K R Puram,Mahadevpura ,78623,5.138445493,8.524223192,42.36800936,19.67236051,9.86861351,4.094221793,10.33412615
45,26,RAMAMURTHY NAGAR,Outer,K R Puram,Mahadevpura ,41283,5.273357072,8.490177555,42.58653683,19.34452438,9.800644333,3.989535644,10.51522418
44,27,BANASWADI,Inner,Sarvagna Nagar,East,41212,4.384645249,6.735902164,37.82393478,20.40910414,11.07201786,5.102882656,14.47151315
49,28,KAMMANAHALLI,Inner,Sarvagna Nagar,East,37678,4.066033229,7.317267371,37.92398747,23.03200807,11.67790222,4.355326716,11.62747492
48,29,KACHARAKANAHALLI,Inner,Sarvagna Nagar,East,28673,4.125832665,6.870575105,33.94831374,21.64754298,12.1577791,5.343005615,15.90695079
65,30,KADUGONDANAHALLI,Inner,Sarvagna Nagar,East,40245,5.943595478,8.522797863,40.86470369,21.96546155,10.21741831,3.655112436,8.830910672
66,31,KUSHALNAGAR,Inner,Sri N Chandrashekar Raju ,East,29378,6.988222479,10.58955681,40.95581728,20.21921165,9.69432909,3.366464701,8.186397985
67,32,KAVAL BYRASANDRA,Inner,Pulakeshinagar,East,34187,6.092959312,9.123350981,38.73694679,19.55129143,10.95153128,4.557287858,10.98663235
68,33,MANORAYANAPALYA,Inner,Hebbal,East,35241,6.237053432,9.514485968,40.72812917,20.11009903,10.26645101,3.796714055,9.347067336
61,34,GANGENAHALLI,Inner,Hebbal,East,19186,5.441467737,8.474929636,36.94360471,21.05702074,11.95142291,4.487647243,11.64390702
62,35,ARAMANENAGAR,Inner,Malleshwaram,West,23620,5.846740051,9.364944962,31.76121931,19.50465707,13.03556308,5.16934801,15.31752752
63,36,MATTIKERE,Inner,Malleshwaram,West,31246,6.35281316,8.618703194,38.21609166,20.57863407,10.61895923,3.994111246,11.62068745
64,37,YESHWANTPUR,Inner,Rajarajeshwari Nagar,Rajarajeshwari Nagara,38266,5.913866095,9.909580306,40.75680761,20.69983798,10.40349135,3.687346469,8.629070193
57,38,HMT,Inner,Rajarajeshwari Nagar,Rajarajeshwari Nagara,33133,6.045332448,9.938731778,45.14230525,20.69236109,8.915582652,2.858177648,6.40750913
58,39,CHOKKASANDRA,Outer,Dasarahalli,Dasarahalli,45526,6.420506963,10.62030488,48.01212494,18.84857005,7.907569301,2.587532399,5.603391469
79,40,Doddabidarakallu,Outer,Yeshwanthpur,Rajarajeshwari Nagara,66526,6.989748369,11.96224033,47.26272435,18.83173496,7.222739981,2.349457355,5.381354658
78,41,PEENYA INDUSTRIAL AREA,Outer,Dasarahalli,Dasarahalli,39993,7.551321481,11.43700148,47.96839447,18.49073588,6.968719526,2.192883755,5.390943415
81,42,LAKSHMI DEVI NAGARA,Inner,Rajarajeshwari Nagar,Rajarajeshwari Nagara,32754,6.286255114,11.15588936,47.5025951,19.75025951,7.574647371,2.772180497,4.958173048
80,43,NANDINI LAYOUT,Inner,Mahalakshmi Layout,West,44336,6.473294839,10.44523638,43.27408878,19.48754962,9.464092385,3.32912306,7.52661494
83,44,MARAPPANAPALYA,Inner,Mahalakshmi Layout,West,32855,5.76168011,9.045807335,41.32704307,20.77613757,9.812813879,3.929386699,9.347131335
82,45,MALLESWARAM,Inner,Malleshwaram,West,29357,6.100759614,7.940184624,35.69165787,20.34267807,11.76210103,4.564499097,13.5981197
85,46,JC NAGAR,Inner,Hebbal,East,23119,5.445737272,7.305679311,35.94446127,21.15143389,11.54029154,4.386002855,14.22639388
84,47,DEVARA JEEVANAHALLI,Inner,Pulakeshinagar,East,31308,5.963332056,10.29768749,43.40104766,20.29513223,8.949789191,3.165325157,7.927686214
71,48,MUNESHWARANAGAR,Inner,Pulakeshinagar,East,27563,7.441134855,10.97122955,42.05637993,20.17559772,8.819794652,3.022167398,7.513695897
70,49,LINGARAJPURAM,Outer,Sarvagna Nagar,East,31490,3.982216577,7.154652271,37.40234995,22.94061607,11.66719594,4.576055891,12.27691331
109,50,BENNIGANAHALLI,Inner,C V Raman Nagar,East,36113,4.474842854,8.404175782,43.51895439,19.75465899,9.708415252,4.081632653,10.05732008
110,51,VIJINAPURA,Outer,K R Puram,Mahadevpura ,40309,4.708625865,8.189238135,41.81448312,20.95313702,10.24088913,4.172765387,9.920861346
107,52,KR PURAM,Outer,K R Puram,Mahadevpura ,38548,4.928919788,8.672304659,42.20193006,19.09048459,10.83584103,4.428245305,9.842274567
108,53,BASAVANAPURA,Outer,K R Puram,Mahadevpura ,42223,6.333041233,9.909291145,43.66103782,19.33543329,9.41666864,3.353622433,7.990905431
113,54,HOODI,Outer,Mahadevapura,Mahadevpura ,40669,6.582409206,10.31252305,46.68420664,17.94487202,8.030686764,3.179325776,7.265976542
114,55,DEVASANDRA,Outer,K R Puram,Mahadevpura ,26421,5.66973241,10.1434465,46.28893683,19.35203058,8.542447296,3.054388555,6.949017827
111,56,A NARAYANAPURA,Outer,K R Puram,Mahadevpura ,36281,5.046718668,8.144758965,43.48005843,20.07938039,9.511865715,3.946969488,9.790248339
112,57,C V RAMAN NAGAR,Inner,C V Raman Nagar,East,41584,4.576279338,7.731338977,45.44055406,19.52193151,9.388226241,3.900538669,9.441131204
101,58,NEW THIPPASANDRA,Inner,C V Raman Nagar,East,34723,5.085966074,7.879503499,38.96840711,19.84275552,10.36488783,4.365982202,13.49249777
102,59,MARUTI SEVANAGAR,Inner,Sarvagna Nagar,East,34717,6.852550624,7.394072068,34.29443788,20.93210819,11.70320016,4.487714952,14.33591612
126,60,SAGAYAPURAM,Inner,Pulakeshinagar,East,28522,6.629969848,9.34366454,39.5554309,20.86459575,10.07643223,3.814599257,9.715307482
125,61,SK GARDEN,Inner,Pulakeshinagar,East,26652,7.549152034,10.78343089,39.93696533,20.40372205,9.49647306,3.39561759,8.434639051
124,62,Ramaswamypalya,Inner,Shivajinagar,East,29135,5.580916424,8.069332418,38.62364853,20.92328814,10.81860305,4.273210915,11.71100051
123,63,Jayamahal,Inner,Shivajinagar,East,19327,5.500077612,7.88534175,34.41817147,20.38598851,12.85766027,5.163760542,13.78899984
122,64,RAJMAHAL GUTTAHALLI,Inner,Malleshwaram,West,26980,5.774647887,7.76130467,33.86582654,21.36397331,12.33506301,5.007412898,13.89177168
121,65,KADUMALLESWARA,Inner,Malleshwaram,West,31535,5.073727604,6.675122879,29.44981766,19.55604883,13.60393214,5.787220549,19.85413033
120,66,SUBRAMANYANAGAR,Inner,Malleshwaram,West,29834,5.604344037,7.45123014,31.86632701,22.00509486,12.44553194,4.947375478,15.68009653
119,67,NAGAPURA,Inner,Mahalakshmi Layout,West,31918,5.028510558,7.055579924,32.42997682,20.77197819,12.55091171,5.135033523,17.02800927
128,68,MAHALAKSHMI PURAM,Inner,Mahalakshmi Layout,West,39394,5.295222623,8.564756054,39.44001625,20.58942986,10.78082957,4.180839722,11.14890592
127,69,LAGGERE,Inner,Rajarajeshwari Nagar,Rajarajeshwari Nagara,47832,6.708897809,10.74385349,47.99297541,18.84303395,7.595333668,2.441879913,5.674025757
142,70,RAJGOPAL NAGAR,Outer,Dasarahalli,Dasarahalli,44706,6.178141636,10.6719456,49.10526551,20.02639467,7.041560417,2.194336331,4.782355836
143,71, HEGGANAHALLI,Outer,Dasarahalli,Dasarahalli,54586,7.309566556,12.01773348,48.25229912,18.78137251,6.866229436,2.148902649,4.623896237
144,72,Herohalli,Outer,Yeshwanthpur,Rajarajeshwari Nagara,56902,6.193103933,10.88186707,44.32181646,19.61090999,8.646444765,3.028013075,7.317844715
145,73,KOTTIGEPALYA,Inner,Rajarajeshwari Nagar,Rajarajeshwari Nagara,60061,6.350210619,10.48101097,42.85476432,19.46521037,9.154026739,3.464810776,8.229966201
146,74,SHAKTHI GANAPATHI NAGAR,Inner,Mahalakshmi Layout,West,41358,5.106629914,8.767348518,42.95904057,19.98645969,9.398423521,3.578509599,10.20358818
147,75, SHANKARMUTT,Inner,Mahalakshmi Layout,West,37104,5.263583441,8.276735662,39.42701596,20.50452781,10.29538594,3.980702889,12.2520483
148,76,GAYATHRINAGAR,Inner,Malleshwaram,West,26419,5.537681214,7.839055225,33.21094667,20.71615125,12.97172489,4.943411938,14.78102881
149,77,DATTATREYA TEMPLE,Inner,Gandhinagar,West,29528,4.964779193,7.003522081,34.93633162,21.95204552,12.3306692,5.046057979,13.76659442
150,78,Pulikeshinagar,Inner,Pulakeshinagar,East,22812,5.795195511,7.342626688,32.57057689,20.20866211,12.88357005,5.304225846,15.89514291
151,79,SARVAGNANAGAR,Inner,C V Raman Nagar,East,31395,7.682752031,8.714763497,37.51234273,21.86972448,10.5112279,3.621595796,10.08759357
181,80,HOYSALANAGAR,Inner,C V Raman Nagar,East,29683,5.019708251,7.020853687,33.35579288,21.33544453,12.23595998,4.986018933,16.04622174
180,81,VIJNANANAGAR,Outer,K R Puram,Mahadevpura ,48445,5.53823924,8.011146661,43.88068944,20.24563938,9.321911446,3.855919083,9.146454742
183,82,GARUDACHARPALYA,Outer,Mahadevapura,Mahadevpura ,35056,5.368553172,9.019853948,49.42092652,19.47740758,7.342537654,2.741328161,6.629392971
182,83,KADUGODI,Outer,Mahadevapura,Mahadevpura ,34881,6.026203377,10.10865514,46.95966285,18.14168172,7.995757002,3.170780654,7.597259253
177,84,HAGADURU,Outer,Mahadevapura,Mahadevpura ,41892,6.519144467,10.39816671,44.9632388,18.414017,8.287978612,3.246443235,8.171011172
176,85,DODDANEKUNDI,Outer,Mahadevapura,Mahadevpura ,51947,4.76639652,7.819508345,48.53600785,19.34856681,7.190020598,3.128188346,9.211311529
179,86,MARATHALLI,Outer,Mahadevapura,Mahadevpura ,27929,6.05105804,10.07554871,45.22539296,19.54241111,8.911883705,2.882308711,7.311396756
178,87,HAL AIRPORT,Outer,K R Puram,Mahadevpura ,35150,4.284495021,7.584637269,44.46657183,22.97012802,9.473684211,3.243243243,7.977240398
175,88,JEEVAN BIMA NAGAR,Inner,C V Raman Nagar,East,34588,6.132184573,9.055163641,37.8628426,20.92055048,10.79565167,4.033190702,11.20041633
174,89,Jogupalya,Inner,Shanthinagar,East,25248,5.814321926,8.190747782,34.28390368,21.9542142,12.25047529,4.713244613,12.79309252
15,90,Ulsoor,Inner,Shivajinagar,East,26982,4.447409384,7.712549107,35.34207991,21.56993551,12.30079312,5.073752872,13.5534801
16,91,Bharati Nagar,Inner,Shivajinagar,East,29044,4.438093926,8.58352844,35.78708167,21.91502548,12.58091172,4.651563146,12.04379562
13,92,Shivajinagar,Inner,Shivajinagar,East,31628,5.454028076,9.646515746,39.42076641,21.74971544,10.71518907,3.901606172,9.112179082
14,93,Vasanthanagar,Inner,Shivajinagar,East,19799,4.591140967,6.207384211,30.50659124,20.36466488,13.7734229,6.389211576,18.16758422
11,94, GANDHINAGAR,Inner,Gandhinagar,West,26373,5.444962651,8.561786676,36.95825276,20.18352103,11.66723543,4.709361847,12.47487961
12,95,SUBHASHNAGAR,Inner,Gandhinagar,West,29940,6.105544422,8.914495658,39.36539746,21.27254509,11.05878424,3.800935204,9.482297929
9,96,OKALIPURAM,Inner,Gandhinagar,West,33214,4.723911604,8.216414765,40.50099356,21.62943337,10.93514783,4.085626543,9.908472331
10,97,DAYANANDANAGAR,Inner,Rajajinagar,West,28544,5.612387892,7.844030269,37.78026906,21.70683857,11.69422646,3.979820628,11.38242713
7,98,PRAKASHNAGAR,Inner,Rajajinagar,West,28260,5.247699929,8.021939137,37.38853503,22.63623496,11.65605096,4.221514508,10.82802548
8,99,RAJAJINAGAR,Inner,Rajajinagar,West,29273,5.031940696,8.20892973,38.11020394,20.79048953,11.43032829,4.577597103,11.85051071
135,100,BASAVESHWARANAGARA,Inner,Rajajinagar,West,28744,5.086278876,6.84316727,36.81116059,21.3296688,11.09796827,4.519204008,14.31255218
136,101,KAMASHIPLAYA,Inner,Rajajinagar,West,24738,5.699733204,7.987711214,37.994179,20.10671841,10.28781631,4.612337295,13.31150457
137,102,VRISHABHAVATHI NAGAR,Inner,Mahalakshmi Layout,West,42385,5.777987496,9.887932051,45.94078094,19.70272502,8.382682553,2.970390468,7.337501475
138,103,KAVERIPURA,Inner,Govindarajanagar,West,48183,6.514745865,10.7610568,44.30815848,19.36160056,8.430359255,2.843326484,7.780752548
131,104,GOVINDARAJ NAGAR,Inner,Govindarajanagar,West,24977,5.424990992,7.695079473,37.91488169,20.48284422,10.99811827,4.652280098,12.83180526
132,105,AGRAHARA DASARAHALLI,Inner,Govindarajanagar,West,25094,5.092850881,9.002151909,38.50721288,20.51087909,10.79540926,4.12449191,11.96700406
133,106,DR RAJKUMAR WARD,Inner,Govindarajanagar,West,17234,4.932110943,7.873970059,36.50342347,22.50783335,12.01114077,4.346060114,11.8254613
134,107,SHIVANAGAR,Inner,Rajajinagar,West,30148,5.035159878,7.496351333,37.32917606,20.5453098,12.16664455,4.544248375,12.88310999
129,108,SRIRAMA MANDIRA,Inner,Rajajinagar,West,26862,5.491028218,7.8549624,33.08391036,20.92919366,13.2231405,5.115032388,14.30273248
130,109,Chikpet,Inner,Gandhinagar,West,26784,5.499551971,7.926373955,36.64127838,21.72192354,12.2983871,4.588560335,11.32392473
51,110,Sampangiramanagar,Inner,Shivajinagar,East,24531,5.731523379,7.614854674,35.22889405,21.2710448,12.30687701,4.704251763,13.14255432
50,111,Shantala Nagar,Inner,Shanthinagar,East,21257,5.19358329,8.34078186,32.27642659,20.67554217,12.7064026,4.868984335,15.93827916
100,112,Domlur,Inner,Shanthinagar,East,25979,5.850879557,8.695484815,34.07752415,19.45417453,12.44851611,5.208052658,14.26536818
99,113,KONENA AGRAHARA,Inner,C V Raman Nagar,East,25271,5.413319615,8.088322583,40.00237426,19.79739622,10.07083218,4.269716276,12.35803886
106,114,Agaram,Inner,Shanthinagar,East,22866,5.991428322,9.14895478,34.67156477,23.85638065,12.56450625,4.137146856,9.630018368
105,115,Vannarpet,Inner,Shanthinagar,East,30961,6.298246181,9.599173153,36.76883822,22.50250315,11.28839508,3.930751591,9.612092633
104,116,Neelasandra,Inner,Shanthinagar,East,39027,7.73054552,11.63297204,42.89081918,19.83498604,8.78878725,2.903118354,6.21877162
103,117,Shantinagar,Inner,Shanthinagar,East,35392,5.857255877,9.033114828,38.05379747,21.16014919,10.86686257,3.966998192,11.06182188
69,118,SUDHAMANAGAR,Inner,Chikpet,South,25262,4.940226427,8.534557834,43.87221914,21.11471776,9.797324044,3.226189534,8.51476526
140,119,DHARMARAYA SWAMY TEMPLE,Inner,Chikpet,South,25473,5.075962784,8.581635457,40.69406823,20.91626428,11.27860872,3.81580497,9.637655557
76,120,COTTONPET,Inner,Gandhinagar,West,31966,6.156541325,8.83751486,38.45648502,21.77313395,11.28699243,3.885378214,9.603954201
77,121,BINNYPET,Inner,Gandhinagar,West,32019,4.253724351,7.098910022,40.28545551,22.667791,11.24644742,4.041350448,10.40632125
74,122,KEMPAPURA AGRAHARA,Inner,Vijayanagara,South,31940,6.239824671,8.901064496,41.94740138,21.08328115,9.783969944,3.353162179,8.69129618
75,123,VIJAYANAGAR,Inner,Vijayanagara,South,36306,6.120200518,8.640445105,37.25004132,20.96623148,11.02297141,4.19765328,11.80245689
72,124, HOSAHALLI,Inner,Vijayanagara,South,35104,5.4523701,8.474817685,38.57395169,20.84947584,11.0357794,4.213195077,11.40041021
73,125,MARENAHALLI,Inner,Govindarajanagar,West,21007,4.203360785,6.507354691,35.74046746,20.00285619,11.40096158,5.012614843,17.13238444
86,126,MARUTHI TEMPLE,Inner,Govindarajanagar,West,26652,4.063484917,7.113912652,39.16028816,19.98349092,10.91850518,5.200360198,13.55995798
87,127,MOODALAPALYA,Inner,Govindarajanagar,West,38966,5.515064415,8.848739927,42.17266335,20.31771288,10.13960889,3.741723554,9.264486989
117,128,NAGARABHAVI,Outer,Govindarajanagar,West,34147,4.070635781,7.423785398,41.12220693,20.18039652,10.88236155,4.782264913,11.5383489
118,129,JNANABHARATHI,Outer,Rajarajeshwari Nagar,Rajarajeshwari Nagara,57704,6.20061001,9.267988354,40.64016359,20.36253986,10.2037987,4.185151809,9.139747678
141,130,Ullal,Outer,Yeshwanthpur,Rajarajeshwari Nagara,52249,7.255641256,10.12459569,41.0859538,19.65396467,9.261421271,3.71107581,8.907347509
139,131,NAYANDAHALLI,Outer,Govindarajanagar,West,30411,5.586794252,9.299266713,45.80579396,21.18641281,8.842195258,2.834500674,6.445036336
60,132,ATTIGUPPE,Inner,Vijayanagara,South,36513,6.208747569,8.561334319,39.09292581,18.61528771,10.67017227,4.598362227,12.2531701
59,133,HAMPINAGAR,Inner,Vijayanagara,South,33723,4.872045785,7.190937936,39.36779053,20.0990422,10.37867331,4.48951754,13.60199271
54,134,BAPUJINAGAR,Inner,Vijayanagara,South,37793,6.990712566,10.18442569,41.9786733,20.15981796,9.27685021,3.273092901,8.136427381
53,135,PADARAYANAPURA,Inner,Chamarajpet,West,32558,5.553166656,9.770256158,45.93648258,19.77701333,8.335892868,2.905583881,7.721604521
56,136,JAGAJEEVANRAM NAGAR,Inner,Chamarajpet,West,31647,5.902613202,9.861914241,44.15584416,19.94817834,8.876038803,2.979745316,8.27566594
55,137,RAYAPURAM,Inner,Chamarajpet,West,30910,5.603364607,9.40472339,43.1316726,21.48819152,9.401488192,3.377547719,7.59301197
163,138,CHALAVADIPALYA,Inner,Chamarajpet,West,20369,7.604693407,9.548824194,40.83656537,20.94850017,9.887574255,3.367862929,7.805979675
162,139,KR MARCKET,Inner,Chamarajpet,West,24809,6.614535048,9.758555363,43.64545125,20.25877706,9.1297513,3.119835544,7.473094442
30,140,CHAMRAJPET,Inner,Chamarajpet,West,26181,5.523089263,8.246438257,36.04140407,20.5148772,12.37538673,4.751537374,12.5472671
31,141,AZADNAGAR,Inner,Chamarajpet,West,33843,5.295038856,9.346098159,42.98082321,20.78716426,9.842508052,3.374405342,8.373962119
32,142,SUNKENAHALLI,Inner,Chikpet,South,30845,5.443345761,7.155130491,32.46879559,20.00648403,13.37980224,5.598962555,15.94747933
33,143,VISHVESHWARAPURAM,Inner,Chikpet,South,29756,5.803871488,8.015190214,32.09100686,20.18416454,13.07299368,5.279607474,15.55316575
34,144,SIDDAPURA,Inner,Chikpet,South,28732,7.441180565,11.6629542,42.1376862,19.46262008,8.986495893,3.135876375,7.173186691
35,145,HOMBEGOWDA NAGAR,Inner,Chikpet,South,30212,6.216073084,8.827618165,37.65060241,20.51502714,11.32331524,4.263206673,11.20415729
36,146,LAKKASANDRA,Inner,B T M Layout,South,26822,5.920513012,9.063455372,41.23107897,20.40489151,9.988069495,3.914696891,9.477294758
37,147,ADUGODI,Inner,B T M Layout,South,26842,6.14708293,9.272781462,41.52075106,20.06184338,10.30474629,3.893152522,8.799642352
38,148,EJIPURA,Inner,B T M Layout,South,35770,6.002236511,9.301090299,38.56304166,19.95806542,11.47889293,4.610008387,10.0866648
39,149,VARTHUR,Outer,Mahadevapura,Mahadevpura ,42858,6.001213309,9.561808764,45.04409912,18.81562369,8.38116571,3.173269868,9.022819544
28,150,BELLANDUR,Outer,Mahadevapura,Mahadevpura ,59578,4.768538722,8.669307462,50.16952566,19.79925476,6.619893249,2.514350935,7.459129209
27,151,KORAMANGALA,Inner,B T M Layout,South,32116,5.582887034,7.693984307,37.33964379,19.15556109,10.31261676,4.346743056,15.56856396
6,152,SUDDAGUNTEPALYA,Inner,B T M Layout,South,31245,5.613698192,8.567770843,41.97151544,20.65610498,10.2512402,3.834213474,9.105456873
5,153,JAYANAGAR,Inner,Chikpet,South,34721,6.336223035,9.141441779,35.77085913,19.17283488,11.97258143,4.746407074,12.85965266
4,154,BASAVANAGUDI,Inner,Basavanagudi,South,38411,4.839759444,6.279451199,30.77764182,20.09059905,13.78771706,5.896748327,18.3280831
3,155,HANUMANTHNAGAR,Inner,Basavanagudi,South,33182,5.388463625,7.238864445,34.75980954,21.69248388,12.63034175,4.758604062,13.5314327
2,156,SRINAGAR,Inner,Basavanagudi,South,33485,5.390473346,8.093176049,37.94534866,20.76452143,11.44393012,4.291473794,12.0710766
1,157,GALI ANJANEYASWAMY TEMPLE,Inner,Vijayanagara,South,31203,6.268628017,8.976700958,42.9670224,20.46598084,9.415761305,3.698362337,8.207544146
52,158,DEEPANJALINAGAR,Inner,Vijayanagara,South,31767,5.704032487,10.08908616,43.74980325,19.236944,8.905467938,3.78694872,8.527717443
91,159,Kengeri,Outer,Yeshwanthpur,Rajarajeshwari Nagara,37797,5.495145117,9.53250258,38.85228986,19.31370215,10.91621028,4.317803,11.57234701
193,160,RAJARAJESHWARI NAGAR,Outer,Rajarajeshwari Nagar,Rajarajeshwari Nagara,54979,5.312937667,8.501427818,39.42960039,19.48380291,10.69863039,4.698157478,11.87544335
194,161,HOSAKEREHALLI,Inner,Padmanabhanagar,South,36104,5.309660979,8.112674496,41.79869267,20.09749612,10.42266785,3.922003102,10.33680479
191,162,GIRINAGAR,Inner,Basavanagudi,South,41531,4.991452168,7.324649057,34.49712263,18.51628904,11.64672173,5.58618863,17.43757675
192,163,KATRIGUPPE,Inner,Basavanagudi,South,37303,5.10414712,7.760769911,36.45819371,18.99311047,11.26719031,5.106827869,15.30976061
197,164,VIDYAPEETHA,Inner,Basavanagudi,South,40478,4.943426059,7.656010672,36.06650526,19.69464895,11.48278077,5.007658481,15.14896981
198,165,GANESH MANDIR,Inner,Padmanabhanagar,South,22018,5.318375874,7.016986102,31.33345445,19.43409937,11.93568898,5.127622854,19.83377237
115,166,KARISANDRA,Inner,Padmanabhanagar,South,21322,5.205890629,8.18872526,36.35212457,19.61823469,11.06838008,4.45549198,15.1111528
116,167,YEDIYUR,Inner,Padmanabhanagar,South,28192,4.703461975,6.916855846,33.96708286,20.2823496,12.98240636,5.388053348,15.75979001
88,168,PATTABHIRAMA NAGAR,Inner,Jayanagar,South,24285,4.476014,7.226683138,30.48795553,19.02820671,13.32921557,5.847230801,19.60469426
89,169,BYRASANDRA,Inner,Jayanagar,South,27397,5.372851042,8.176077673,36.58429755,20.19199182,11.15085593,4.394641749,14.12928423
155,170,JAYANAGAR EAST,Inner,Jayanagar,South,24778,5.90443135,8.192751635,37.05303091,19.84825248,10.99362338,4.310275244,13.697635
154,171,GURAPPANAPALYA,Inner,Jayanagar,South,40901,6.300579448,11.16598616,43.61996039,18.88706878,8.750397301,3.388670204,7.887337718
157,172,MADIWALA,Inner,B T M Layout,South,31341,5.612456527,9.715707859,43.02032481,19.36122013,9.872052583,3.851185348,8.567052742
156,173,JAKKASANDRA,Outer,B T M Layout,South,26587,6.570880506,9.982322188,42.00549141,19.70511904,10.86997405,4.208823861,6.657388949
159,174,HSR LAYOUT,Outer,Bommanahalli,Bommanahalli,50566,5.274294981,8.224894198,45.52663845,19.39445477,8.476051102,3.694181861,9.409484634
158,175,BOMMANAHALLI,Outer,Bommanahalli,Bommanahalli,39728,4.953685058,9.980366492,48.96043093,19.29873137,7.747684253,2.617801047,6.441300846
161,176,BTM LAYOUT,Inner,B T M Layout,South,37572,4.394229746,8.016608112,41.57085063,18.60161823,9.717342702,4.56456936,13.13478122
160,177,JP NAGAR,Inner,Jayanagar,South,26336,5.388061968,6.948663426,35.36983597,18.54875456,10.79510936,4.890643985,18.05893074
153,178,SARAKKI,Inner,Jayanagar,South,24415,4.210526316,6.774523858,35.69117346,19.78701618,10.73110793,5.144378456,17.66127381
152,179,SHAKAMBARINAGAR,Inner,Jayanagar,South,23025,4.512486428,6.97937025,30.49294245,19.27470141,12.84256243,5.867535288,20.03040174
168,180,BANASHANKARI TEMLPE,Inner,Padmanabhanagar,South,30689,5.656749976,10.41741341,44.25038287,19.31310893,8.569845873,3.330183453,8.462315488
169,181,KUMARASWAMI LAYOUT,Inner,Padmanabhanagar,South,40598,5.731809449,8.473323809,37.40332036,19.17089512,11.21976452,4.968225036,13.03266171
170,182,PADMANABHANAGAR,Inner,Padmanabhanagar,South,33119,5.268878891,7.337178055,36.21184214,19.50541985,11.61266946,5.175277031,14.88873456
171,183,CHIKKALLASANDRA,Inner,Padmanabhanagar,South,36870,5.039327366,8.090588554,41.14727421,19.10225115,10.29292107,4.415513968,11.91212368
164,184,UTTARAHALLI,Outer,Bangalore South,Bommanahalli,57285,5.963166623,9.243257397,42.72148032,19.44662652,9.29388147,3.679846382,9.651741294
165,185,YELCHENAHALLI,Inner,Bangalore South,Bommanahalli,40085,5.69789198,10.16839217,43.73955345,19.55095422,9.01085194,3.430210802,8.402145441
166,186,JARAGANAHALLI,Inner,Bommanahalli,Bommanahalli,24516,5.563713493,9.01044216,41.35666504,21.20655898,10.13215859,3.658835047,9.071626693
167,187,PUTTENAHALLI,Outer,Bommanahalli,Bommanahalli,38798,5.505438425,8.162791896,41.49440693,20.27166349,9.624207433,4.069797412,10.87169442
172,188,BILEKHALLI,Outer,Bommanahalli,Bommanahalli,44761,4.280512053,8.304104019,48.22278323,19.09698175,7.75675253,3.301981636,9.036884788
173,189,Hongasandra,Outer,Bommanahalli,Bommanahalli,52810,5.839803068,11.61143723,50.80477182,18.00416588,7.099034274,2.069683772,4.571103958
94,190,MANGAMMANAPALYA,Outer,Bommanahalli,Bommanahalli,55165,6.485996556,11.11030545,49.92477114,18.56974531,7.06426176,2.180730536,4.66418925
93,191,SINGASANDRA,Outer,Anekal,Bommanahalli,47912,5.618634163,9.634329604,50.31933545,18.55067624,7.424027384,2.713307731,5.739689431
92,192,BEGUR,Outer,Bangalore South,Bommanahalli,64619,5.554093997,9.231031121,47.48293845,19.2946347,7.54422074,3.028521023,7.864559959
29,193,ARAKERE,Outer,Bommanahalli,Bommanahalli,46378,5.2956143,8.874897581,45.49570917,18.81279917,8.409159515,3.702186381,9.409633878
98,194,GOTTIGERE,Outer,Bangalore South,Bommanahalli,48194,6.065070341,8.79570071,43.18379881,19.9568411,8.920197535,3.658131718,9.420259783
97,195,KONANAKUNTE,Outer,Bangalore South,Bommanahalli,46962,5.804693156,8.932754142,39.70657127,20.39521315,9.882458158,4.067118095,11.21119203
96,196,ANJANAPURA,Outer,Bangalore South,Bommanahalli,36953,6.321543582,9.882824128,43.66086651,19.42196845,8.656942603,3.185127053,8.870727681
95,197,VASANTHPURA,Outer,Bangalore South,Bommanahalli,55525,5.203061684,8.983340837,41.11841513,20.31517335,9.820801441,4.118865376,10.44034219
90,198,Hemmigepura,Outer,Yeshwanthpur,Rajarajeshwari Nagara,43387,6.324475073,8.82061447,41.67377325,20.27104893,9.724110909,3.70617927,9.479798096
